state_name,state_abbr,n_districts,total_enrollment,total_revenue,federal_revenue,state_revenue,local_revenue,total_expenditure,instruction_expenditure,support_services_expenditure,capital_outlay,revenue_per_pupil,federal_rev_per_pupil,state_rev_per_pupil,local_rev_per_pupil,expenditure_per_pupil,instruction_exp_per_pupil,federal_share_pct,state_share_pct,local_share_pct,instruction_share_of_exp_pct
District of Columbia,DC,12,57058.0,1608857000.0,170737000.0,0.0,1438120000.0,1476474000.0,581115000.0,379197000.0,329347000.0,28196.87,2992.34,0.0,25204.53,25876.72,10184.64,10.61,0.0,89.39,39.36
New York,NY,642,2595074.0,57742452000.0,3736127000.0,22977591000.0,31028734000.0,58993856000.0,35153239000.0,14318889000.0,4065053000.0,22250.79,1439.7,8854.31,11956.78,22733.01,13546.14,6.47,39.79,53.74,59.59
New Jersey,NJ,244,993000.0,20506429000.0,1110348000.0,8599442000.0,10796639000.0,19758518000.0,10033322000.0,6609313000.0,645980000.0,20650.99,1118.18,8660.06,10872.75,19897.8,10104.05,5.41,41.94,52.65,50.78
Connecticut,CT,124,505172.0,9521736000.0,494041000.0,3607197000.0,5420498000.0,9264840000.0,4965132000.0,2773964000.0,642944000.0,18848.5,977.97,7140.53,10730.0,18339.97,9828.6,5.19,37.88,56.93,53.59
Wyoming,WY,47,88937.0,1655659000.0,143958000.0,847148000.0,664553000.0,1662096000.0,841623000.0,537039000.0,212722000.0,18616.09,1618.65,9525.26,7472.18,18688.46,9463.14,8.69,51.17,40.14,50.64
Alaska,AK,52,130728.0,2381172000.0,351219000.0,1506597000.0,523356000.0,2481094000.0,1254682000.0,946151000.0,145153000.0,18214.71,2686.64,11524.67,4003.4,18979.06,9597.65,14.75,63.27,21.98,50.57
Vermont,VT,36,30858.0,535671000.0,29940000.0,443989000.0,61742000.0,538118000.0,297080000.0,164193000.0,17702000.0,17359.23,970.25,14388.13,2000.84,17438.52,9627.33,5.59,82.88,11.53,55.21
Massachusetts,MA,231,849074.0,14221585000.0,917811000.0,5612843000.0,7690931000.0,14184557000.0,7208471000.0,4181716000.0,1039218000.0,16749.52,1080.96,6610.55,9058.02,16705.91,8489.8,6.45,39.47,54.08,50.82
Rhode Island,RI,33,135097.0,2183797000.0,204396000.0,779996000.0,1199405000.0,2250403000.0,1216901000.0,720639000.0,32522000.0,16164.66,1512.96,5773.6,8878.1,16657.68,9007.61,9.36,35.72,54.92,54.07
Maryland,MD,24,853752.0,13752912000.0,859635000.0,5980541000.0,6912736000.0,13212140000.0,7140620000.0,4161605000.0,1139120000.0,16108.79,1006.89,7005.01,8096.89,15475.38,8363.81,6.25,43.49,50.26,54.05
Pennsylvania,PA,545,1687565.0,25893586000.0,1480910000.0,8990937000.0,15421739000.0,25657287000.0,12516481000.0,6874593000.0,1701950000.0,15343.76,877.54,5327.76,9138.46,15203.73,7416.89,5.72,34.72,59.56,48.78
Delaware,DE,18,112205.0,1699817000.0,174843000.0,988014000.0,536960000.0,1773053000.0,980752000.0,490873000.0,132732000.0,15149.21,1558.25,8805.44,4785.53,15801.91,8740.72,10.29,58.12,31.59,55.31
New Hampshire,NH,67,147956.0,2199714000.0,156709000.0,779412000.0,1263593000.0,2218979000.0,1295349000.0,666695000.0,147325000.0,14867.35,1059.16,5267.86,8540.33,14997.56,8754.96,7.12,35.43,57.44,58.38
West Virginia,WV,54,280951.0,3905507000.0,412576000.0,1991382000.0,1501549000.0,3470595000.0,1876989000.0,1118430000.0,244669000.0,13901.03,1468.5,7088.0,5344.52,12353.03,6680.84,10.56,50.99,38.45,54.08
Hawaii,HI,1,182705.0,2535038000.0,318728000.0,2161254000.0,55056000.0,2344733000.0,1262938000.0,814511000.0,124096000.0,13875.03,1744.5,11829.2,301.34,12833.44,6912.44,12.57,85.26,2.17,53.86
Maine,ME,101,164161.0,2272446000.0,209963000.0,919060000.0,1143423000.0,2305398000.0,1181244000.0,783644000.0,123441000.0,13842.79,1279.01,5598.53,6965.25,14043.52,7195.64,9.24,40.44,50.32,51.24
Illinois,IL,438,1323059.0,17954331000.0,1836377000.0,6338820000.0,9779134000.0,17668919000.0,9049191000.0,5561859000.0,1229723000.0,13570.32,1387.98,4791.03,7391.31,13354.6,6839.6,10.23,35.31,54.47,51.22
Minnesota,MN,369,809058.0,10563240000.0,701317000.0,6734285000.0,3127638000.0,10522332000.0,5653986000.0,2442393000.0,1026947000.0,13056.22,866.83,8323.61,3865.78,13005.66,6988.36,6.64,63.75,29.61,53.73
Montana,MT,54,16272.0,212161000.0,21773000.0,106062000.0,84326000.0,215964000.0,115377000.0,65542000.0,20560000.0,13038.41,1338.07,6518.07,5182.28,13272.12,7090.52,10.26,49.99,39.75,53.42
North Dakota,ND,145,95316.0,1239856000.0,127902000.0,629190000.0,482764000.0,1272377000.0,644311000.0,335174000.0,157556000.0,13007.85,1341.87,6601.1,5064.88,13349.04,6759.74,10.32,50.75,38.94,50.64
Wisconsin,WI,366,825395.0,10586464000.0,878318000.0,4640550000.0,5067596000.0,10200654000.0,5369491000.0,3353346000.0,427960000.0,12825.94,1064.12,5622.22,6139.6,12358.51,6505.36,8.3,43.83,47.87,52.64
Ohio,OH,673,1674700.0,21382547000.0,1939969000.0,9113381000.0,10329197000.0,21435094000.0,9929191000.0,6707965000.0,2275442000.0,12767.99,1158.4,5441.8,6167.79,12799.36,5928.94,9.07,42.62,48.31,46.32
Louisiana,LA,87,685880.0,8721344000.0,1580466000.0,3688300000.0,3452578000.0,8739758000.0,4491984000.0,2888221000.0,778995000.0,12715.55,2304.29,5377.47,5033.79,12742.4,6549.23,18.12,42.29,39.59,51.4
Iowa,IA,319,479713.0,6027909000.0,410778000.0,2620085000.0,2997046000.0,5864110000.0,3008524000.0,1396092000.0,884305000.0,12565.66,856.3,5461.78,6247.58,12224.2,6271.51,6.81,43.47,49.72,51.3
Indiana,IN,313,1015778.0,12332199000.0,1069163000.0,7509655000.0,3753381000.0,11305251000.0,5628095000.0,3646751000.0,903092000.0,12140.64,1052.56,7393.01,3695.08,11129.65,5540.67,8.67,60.89,30.44,49.78
Michigan,MI,617,1457665.0,17648256000.0,1591197000.0,9929476000.0,6127583000.0,17823125000.0,9120203000.0,5544069000.0,1184558000.0,12107.21,1091.61,6811.91,4203.7,12227.17,6256.72,9.02,56.26,34.72,51.17
Nebraska,NE,248,299973.0,3622054000.0,348545000.0,1144916000.0,2128593000.0,3737810000.0,2185305000.0,920252000.0,368549000.0,12074.6,1161.92,3816.73,7095.95,12460.49,7285.01,9.62,31.61,58.77,58.46
Virginia,VA,131,1254479.0,14860230000.0,1365191000.0,5550929000.0,7944110000.0,15075686000.0,8114661000.0,4741247000.0,1078710000.0,11845.74,1088.25,4424.89,6332.6,12017.49,6468.55,9.19,37.35,53.46,53.83
Kansas,KS,282,480699.0,5606604000.0,409751000.0,3169688000.0,2027165000.0,5608878000.0,2929343000.0,1568047000.0,662346000.0,11663.44,852.41,6593.91,4217.12,11668.17,6093.92,7.31,56.53,36.16,52.23
California,CA,452,4772294.0,53967117000.0,7255105000.0,29073333000.0,17638679000.0,55149071000.0,26477133000.0,16037715000.0,5457252000.0,11308.42,1520.26,6092.11,3696.06,11556.09,5548.09,13.44,53.87,32.68,48.01
Missouri,MO,456,891247.0,9995795000.0,995761000.0,3095754000.0,5904280000.0,9882642000.0,5047651000.0,2998285000.0,893486000.0,11215.52,1117.27,3473.51,6624.74,11088.56,5663.58,9.96,30.97,59.07,51.08
Washington,WA,247,1034593.0,11603228000.0,968077000.0,6865459000.0,3769692000.0,11856918000.0,5737735000.0,3567424000.0,1537866000.0,11215.26,935.71,6635.9,3643.65,11460.47,5545.89,8.34,59.17,32.49,48.39
South Carolina,SC,83,724080.0,7978750000.0,850682000.0,3639152000.0,3488916000.0,8029825000.0,3710539000.0,2491724000.0,862866000.0,11019.16,1174.85,5025.9,4818.41,11089.69,5124.49,10.66,45.61,43.73,46.21
Arkansas,AR,245,479212.0,5100862000.0,647952000.0,2601798000.0,1851112000.0,5585516000.0,2527600000.0,1635235000.0,563681000.0,10644.27,1352.12,5429.33,3862.82,11655.63,5274.49,12.7,51.01,36.29,45.25
New Mexico,NM,93,327771.0,3485471000.0,491910000.0,2387346000.0,606215000.0,3624754000.0,1693504000.0,1099580000.0,616398000.0,10633.86,1500.77,7283.58,1849.51,11058.8,5166.73,14.11,68.49,17.39,46.72
Kentucky,KY,168,678819.0,7162725000.0,980011000.0,3905315000.0,2277399000.0,7410176000.0,3681913000.0,2310048000.0,758499000.0,10551.75,1443.7,5753.1,3354.94,10916.28,5424.0,13.68,54.52,31.8,49.69
Georgia,GA,181,1679230.0,17509886000.0,1845895000.0,7446036000.0,8217955000.0,17392737000.0,9548109000.0,4991472000.0,1565590000.0,10427.33,1099.25,4434.2,4893.88,10357.57,5686.0,10.54,42.52,46.93,54.9
Oregon,OR,178,551312.0,5712725000.0,508904000.0,2854640000.0,2349181000.0,5965553000.0,2968118000.0,1872947000.0,444370000.0,10362.05,923.08,5177.9,4261.07,10820.65,5383.74,8.91,49.97,41.12,49.75
Texas,TX,1067,4941411.0,50318962000.0,6005116000.0,20484890000.0,23828956000.0,50534931000.0,24291440000.0,13943179000.0,5512145000.0,10183.12,1215.26,4145.55,4822.3,10226.82,4915.89,11.93,40.71,47.36,48.07
South Dakota,SD,150,127597.0,1290953000.0,206484000.0,394669000.0,689800000.0,1289343000.0,640430000.0,374227000.0,172330000.0,10117.42,1618.25,3093.09,5406.08,10104.81,5019.16,15.99,30.57,53.43,49.67
Colorado,CO,179,853383.0,8611695000.0,679397000.0,3745058000.0,4187240000.0,8466639000.0,4182287000.0,2742127000.0,704805000.0,10091.24,796.12,4388.48,4906.64,9921.27,4900.83,7.89,43.49,48.62,49.4
Alabama,AL,131,730470.0,7116496000.0,786086000.0,3936816000.0,2393594000.0,7201271000.0,3682937000.0,2231457000.0,580602000.0,9742.35,1076.14,5389.43,3276.79,9858.41,5041.87,11.05,55.32,33.63,51.14
Nevada,NV,17,439064.0,4124835000.0,404124000.0,1364084000.0,2356627000.0,4182338000.0,2097247000.0,1356505000.0,326094000.0,9394.61,920.42,3106.8,5367.39,9525.58,4776.63,9.8,33.07,57.13,50.15
Mississippi,MS,148,489408.0,4465165000.0,792939000.0,2189849000.0,1482377000.0,4410636000.0,2283382000.0,1446406000.0,329222000.0,9123.6,1620.2,4474.49,3028.92,9012.19,4665.6,17.76,49.04,33.2,51.77
Florida,FL,64,2651386.0,24077716000.0,3059795000.0,8663971000.0,12353950000.0,25286135000.0,13522357000.0,7585309000.0,1834482000.0,9081.18,1154.04,3267.71,4659.43,9536.95,5100.11,12.71,35.98,51.31,53.48
Tennessee,TN,120,945317.0,8576223000.0,1213461000.0,3829979000.0,3532783000.0,8815609000.0,4915972000.0,2584367000.0,624190000.0,9072.32,1283.66,4051.53,3737.14,9325.56,5200.34,14.15,44.66,41.19,55.76
North Carolina,NC,142,1469424.0,12887327000.0,1828192000.0,7714581000.0,3344554000.0,13514179000.0,7575829000.0,3842943000.0,744772000.0,8770.33,1244.16,5250.07,2276.1,9196.92,5155.65,14.19,59.86,25.95,56.06
Oklahoma,OK,421,641445.0,5616706000.0,730845000.0,2763306000.0,2122555000.0,5417279000.0,2624082000.0,1829827000.0,484846000.0,8756.33,1139.37,4307.94,3309.02,8445.43,4090.89,13.01,49.2,37.79,48.44
Arizona,AZ,179,641959.0,5203717000.0,604636000.0,2037811000.0,2561270000.0,5386055000.0,2630487000.0,1911148000.0,478326000.0,8106.0,941.86,3174.36,3989.77,8390.03,4097.59,11.62,39.16,49.22,48.84
Utah,UT,66,573722.0,4276160000.0,436980000.0,2221139000.0,1618041000.0,4455140000.0,2223157000.0,1076544000.0,682598000.0,7453.37,761.66,3871.46,2820.25,7765.33,3874.97,10.22,51.94,37.84,49.9
Idaho,ID,113,271240.0,1985696000.0,264331000.0,1250109000.0,471256000.0,1918555000.0,1080314000.0,609876000.0,69421000.0,7320.81,974.53,4608.87,1737.41,7073.27,3982.87,13.31,62.96,23.73,56.31
